<?xml version="1.0" encoding="UTF-8"?>
<project-private xmlns="http://www.netbeans.org/ns/project-private/1">
    <editor-bookmarks xmlns="http://www.netbeans.org/ns/editor-bookmarks/2" lastBookmarkId="0"/>
    <open-files xmlns="http://www.netbeans.org/ns/projectui-open-files/2">
        <group>
            <file>file:/C:/Users/Tuan/Desktop/Microcontroller-Lab-master/Microcontroller-Lab-master/timer_driver_lab4.X/task.c</file>
            <file>file:/C:/Users/Tuan/Desktop/Microcontroller-Lab-master/Microcontroller-Lab-master/timer_driver_lab4.X/ready_queue.c</file>
            <file>file:/C:/Users/Tuan/Desktop/Microcontroller-Lab-master/Microcontroller-Lab-master/timer_driver_lab4.X/task.h</file>
            <file>file:/C:/Users/Tuan/Desktop/Microcontroller-Lab-master/Microcontroller-Lab-master/timer_driver_lab4.X/clock.c</file>
            <file>file:/C:/Users/Tuan/Desktop/Microcontroller-Lab-master/Microcontroller-Lab-master/timer_driver_lab4.X/mcc.c</file>
            <file>file:/C:/Users/Tuan/Desktop/Microcontroller-Lab-master/Microcontroller-Lab-master/timer_driver_lab4.X/ready_queue.h</file>
            <file>file:/C:/Users/Tuan/Desktop/Microcontroller-Lab-master/Microcontroller-Lab-master/timer_driver_lab4.X/config.h</file>
            <file>file:/C:/Users/Tuan/Desktop/Microcontroller-Lab-master/Microcontroller-Lab-master/timer_driver_lab4.X/main.c</file>
        </group>
    </open-files>
</project-private>
